TestTourney1,Cash,2025-05-23,200,10000,P1,1,1
TestTourney1,Cash,2025-05-23,200,10000,P2,1,1
TestTourney1,Cash,2025-05-23,200,10000,P3,3,1
TestTourney1,Cash,2025-05-23,200,10000,P4,2,1
TestTourney1,Cash,2025-05-23,200,10000,P5,-1,0
TestTourney2,Cash,2025-05-23,200,10000,P1,1,1
TestTourney2,Cash,2025-05-23,200,10000,P2,2,1
TestTourney2,Cash,2025-05-23,200,10000,P3,-1,0
TestTourney2,Cash,2025-05-23,200,10000,P4,-1,0
TestTourney2,Cash,2025-05-23,200,10000,P5,-1,0
TestTourney3,Cash,2025-05-23,200,10000,P1,-1,0
TestTourney3,Cash,2025-05-23,200,10000,P2,-1,0
TestTourney3,Cash,2025-05-23,200,10000,P3,-1,0
TestTourney3,Cash,2025-05-23,200,10000,P4,-1,0
TestTourney3,Cash,2025-05-23,200,10000,P5,-1,0
